{"stats":{"minecraft:crafted":{"minecraft:wooden_sword":1,"ars_nouveau:archwood_planks":20,"minecraft:stick":8,"minecraft:wooden_pickaxe":1,"minecraft:wooden_axe":1},"minecraft:custom":{"minecraft:time_since_rest":8944,"minecraft:play_one_minute":8944,"minecraft:sprint_one_cm":10689,"minecraft:walk_one_cm":5780,"minecraft:drop":1,"minecraft:jump":63,"minecraft:leave_game":2,"minecraft:walk_on_water_one_cm":3824,"minecraft:time_since_death":8944,"minecraft:interact_with_crafting_table":1,"minecraft:fall_one_cm":1312,"minecraft:fly_one_cm":14581},"minecraft:dropped":{"minecraft:wheat_seeds":1},"minecraft:picked_up":{"minecraft:wheat_seeds":1,"ars_nouveau:worn_notebook":1,"ars_nouveau:blue_archwood_log":5,"minecraft:dirt":2},"minecraft:mined":{"minecraft:grass":1,"minecraft:grass_block":1,"biomesoplenty:watergrass":3,"ars_nouveau:blue_archwood_log":5,"minecraft:dirt":2,"minecraft:tall_grass":2,"biomesoplenty:reed":8}},"DataVersion":2586}