{"stats":{"minecraft:crafted":{"minecraft:wooden_sword":1,"ars_nouveau:archwood_planks":20,"minecraft:stick":12,"minecraft:wooden_pickaxe":1,"minecraft:stone_pickaxe":1,"minecraft:wooden_axe":1,"minecraft:stone_sword":1,"minecraft:stone_axe":1},"minecraft:custom":{"minecraft:time_since_rest":18726,"minecraft:sprint_one_cm":39195,"minecraft:damage_taken":90,"minecraft:walk_one_cm":46395,"minecraft:mob_kills":2,"minecraft:drop":8,"minecraft:damage_dealt":191,"minecraft:talked_to_villager":2,"minecraft:interact_with_crafting_table":2,"minecraft:fly_one_cm":32651,"minecraft:open_chest":3,"minecraft:crouch_one_cm":586,"minecraft:play_one_minute":18726,"minecraft:interact_with_campfire":5,"minecraft:sneak_time":143,"minecraft:jump":170,"minecraft:leave_game":4,"minecraft:walk_on_water_one_cm":3824,"minecraft:time_since_death":18726,"minecraft:fall_one_cm":4882},"minecraft:dropped":{"minecraft:wheat_seeds":2,"minecraft:wooden_axe":1,"minecraft:crafting_table":1,"minecraft:leather_leggings":1,"minecraft:wooden_sword":1,"minecraft:wooden_pickaxe":2},"minecraft:used":{"minecraft:stone_sword":9,"ars_nouveau:mana_berry":6,"minecraft:wooden_pickaxe":36,"minecraft:stone_axe":11,"minecraft:dirt":6,"minecraft:cooked_porkchop":1,"minecraft:experience_bottle":1},"minecraft:picked_up":{"minecraft:book":30,"minecraft:crafting_table":2,"minecraft:leather_chestplate":1,"minecraft:cooked_porkchop":5,"minecraft:leather_leggings":1,"minecraft:wooden_pickaxe":1,"ars_nouveau:blue_archwood_log":5,"minecraft:porkchop":5,"minecraft:lantern":1,"minecraft:dirt":6,"minecraft:experience_bottle":1,"minecraft:wheat_seeds":4,"ars_nouveau:worn_notebook":1,"minecraft:bread":26,"minecraft:stone_hoe":1,"minecraft:cobblestone":35,"minecraft:iron_boots":1,"ars_nouveau:mana_berry":3},"minecraft:killed":{"minecraft:pig":2},"minecraft:mined":{"biomesoplenty:watergrass":3,"ars_nouveau:blue_archwood_log":5,"ars_nouveau:light_block":1,"ars_nouveau:mana_berry_bush":1,"minecraft:crafting_table":1,"minecraft:bookshelf":10,"minecraft:grass":1,"minecraft:grass_block":1,"minecraft:dirt":5,"minecraft:tall_grass":2,"minecraft:stone":35,"biomesoplenty:reed":8}},"DataVersion":2586}