{"stats":{"minecraft:custom":{"minecraft:interact_with_furnace":30,"minecraft:mob_kills":4,"minecraft:interact_with_crafting_table":23,"minecraft:play_one_minute":28957,"minecraft:time_since_death":28957,"minecraft:sleep_in_bed":2,"minecraft:climb_one_cm":404,"minecraft:time_since_rest":6540,"minecraft:sprint_one_cm":81725,"minecraft:damage_taken":225,"minecraft:walk_one_cm":79357,"minecraft:drop":19,"minecraft:damage_dealt":330,"minecraft:swim_one_cm":3777,"minecraft:fly_one_cm":75150,"minecraft:open_chest":5,"minecraft:crouch_one_cm":5004,"minecraft:sneak_time":1549,"minecraft:walk_under_water_one_cm":89,"minecraft:jump":453,"minecraft:walk_on_water_one_cm":5061,"minecraft:fall_one_cm":12276},"minecraft:crafted":{"spartanshields:shield_basic_wood":1,"minecraft:cooked_beef":6,"spartanshields:shield_basic_iron":1,"ars_nouveau:archwood_planks":40,"minecraft:crafting_table":2,"minecraft:wooden_pickaxe":1,"minecraft:furnace":3,"minecraft:bucket":1,"ars_nouveau:archwood_slab":6,"minecraft:stone_axe":1,"minecraft:air":0,"minecraft:iron_boots":1,"minecraft:iron_chestplate":1,"minecraft:stick":16,"minecraft:iron_ingot":37,"minecraft:iron_pickaxe":1,"minecraft:stone_pickaxe":1,"minecraft:iron_leggings":1,"ars_nouveau:scribes_table":1,"minecraft:smoker":1},"minecraft:dropped":{"minecraft:iron_boots":1,"minecraft:leather_helmet":3,"minecraft:leather_chestplate":3,"minecraft:rose_bush":3,"minecraft:leather_boots":5,"minecraft:leather_leggings":4},"minecraft:used":{"minecraft:diorite":4,"minecraft:rose_bush":1,"minecraft:stone_pickaxe":61,"ars_nouveau:mana_berry":3,"minecraft:wooden_pickaxe":8,"minecraft:dirt":16,"minecraft:crafting_table":6,"minecraft:iron_pickaxe":24,"minecraft:stone_axe":21,"minecraft:cobblestone":1,"minecraft:furnace":2,"minecraft:cooked_beef":5,"minecraft:dandelion":1},"minecraft:picked_up":{"ars_nouveau:red_archwood_log":1,"minecraft:crafting_table":4,"minecraft:leather_chestplate":3,"minecraft:leather_leggings":4,"minecraft:leather":5,"ars_nouveau:blue_archwood_sapling":2,"minecraft:dirt":16,"minecraft:iron_shovel":1,"minecraft:armor_stand":8,"minecraft:leather_boots":5,"minecraft:item_frame":1,"ars_nouveau:mana_gem":10,"minecraft:wheat_seeds":5,"minecraft:beef":9,"minecraft:iron_ingot":1,"minecraft:iron_ore":28,"minecraft:rose_bush":4,"minecraft:iron_pickaxe":1,"minecraft:sugar_cane":6,"minecraft:iron_boots":3,"minecraft:furnace":2,"ars_nouveau:purple_archwood_log":11,"minecraft:dandelion":1,"ars_nouveau:blue_archwood_log":3,"minecraft:diorite":4,"minecraft:gold_ore":6,"minecraft:cauldron":1,"minecraft:leather_helmet":3,"botania:lime_mystical_flower":6,"waystones:waystone":1,"ars_nouveau:worn_notebook":1,"minecraft:hay_block":8,"botania:blue_mystical_flower":5,"minecraft:iron_block":1,"minecraft:emerald":1,"minecraft:coal":13,"botania:brown_mystical_flower":4,"minecraft:cobblestone":31,"ars_nouveau:mana_berry":3},"minecraft:killed":{"minecraft:cow":4},"minecraft:mined":{"botania:lime_mystical_flower":6,"ars_nouveau:mana_berry_bush":7,"minecraft:crafting_table":4,"minecraft:grass_block":5,"minecraft:rose_bush":4,"minecraft:tall_grass":22,"botania:blue_mystical_flower":5,"minecraft:sugar_cane":3,"minecraft:diorite":1,"minecraft:cauldron":1,"minecraft:hay_block":8,"ars_nouveau:blue_archwood_log":3,"minecraft:furnace":2,"minecraft:iron_ore":28,"minecraft:grass":13,"ars_nouveau:red_archwood_log":1,"minecraft:coal_ore":13,"minecraft:dirt":11,"botania:brown_mystical_flower":4,"ars_nouveau:arcane_ore":10,"minecraft:stone":31,"minecraft:iron_block":1,"minecraft:gold_ore":6,"minecraft:oak_leaves":1,"ars_nouveau:purple_archwood_log":11}},"DataVersion":2586}