{"stats":{"minecraft:custom":{"minecraft:time_since_rest":16957,"minecraft:interact_with_furnace":26,"minecraft:sprint_one_cm":42105,"minecraft:damage_taken":175,"minecraft:walk_one_cm":46261,"minecraft:mob_kills":3,"minecraft:drop":3,"minecraft:damage_dealt":230,"minecraft:swim_one_cm":3777,"minecraft:interact_with_crafting_table":18,"minecraft:fly_one_cm":39218,"minecraft:crouch_one_cm":3333,"minecraft:play_one_minute":16957,"minecraft:sneak_time":1140,"minecraft:walk_under_water_one_cm":89,"minecraft:jump":282,"minecraft:walk_on_water_one_cm":5061,"minecraft:time_since_death":16957,"minecraft:fall_one_cm":7082},"minecraft:crafted":{"spartanshields:shield_basic_wood":1,"minecraft:cooked_beef":6,"spartanshields:shield_basic_iron":1,"minecraft:iron_chestplate":1,"ars_nouveau:archwood_planks":40,"minecraft:crafting_table":2,"minecraft:stick":12,"minecraft:iron_pickaxe":1,"minecraft:iron_ingot":24,"minecraft:wooden_pickaxe":1,"minecraft:stone_pickaxe":1,"minecraft:iron_leggings":1,"minecraft:furnace":3,"minecraft:stone_axe":1,"minecraft:air":0,"minecraft:smoker":1},"minecraft:dropped":{"minecraft:rose_bush":3},"minecraft:used":{"minecraft:diorite":4,"minecraft:rose_bush":1,"minecraft:stone_pickaxe":59,"minecraft:iron_pickaxe":23,"ars_nouveau:mana_berry":3,"minecraft:wooden_pickaxe":8,"minecraft:stone_axe":18,"minecraft:dirt":16,"minecraft:cobblestone":1,"minecraft:crafting_table":5,"minecraft:furnace":2,"minecraft:cooked_beef":3,"minecraft:dandelion":1},"minecraft:picked_up":{"minecraft:crafting_table":3,"ars_nouveau:purple_archwood_log":11,"minecraft:leather":3,"minecraft:dandelion":1,"ars_nouveau:blue_archwood_sapling":2,"ars_nouveau:blue_archwood_log":3,"minecraft:diorite":4,"minecraft:gold_ore":6,"minecraft:dirt":16,"ars_nouveau:mana_gem":10,"minecraft:wheat_seeds":5,"ars_nouveau:worn_notebook":1,"botania:blue_mystical_flower":5,"minecraft:beef":6,"minecraft:iron_ore":28,"minecraft:rose_bush":4,"minecraft:sugar_cane":6,"botania:brown_mystical_flower":4,"minecraft:coal":13,"minecraft:furnace":1,"minecraft:cobblestone":31,"ars_nouveau:mana_berry":3},"minecraft:killed":{"minecraft:cow":3},"minecraft:mined":{"ars_nouveau:blue_archwood_log":3,"minecraft:furnace":1,"minecraft:iron_ore":28,"ars_nouveau:mana_berry_bush":7,"minecraft:crafting_table":3,"minecraft:grass":13,"minecraft:grass_block":5,"minecraft:coal_ore":13,"minecraft:rose_bush":4,"minecraft:dirt":11,"minecraft:tall_grass":22,"botania:blue_mystical_flower":5,"botania:brown_mystical_flower":4,"minecraft:stone":31,"ars_nouveau:arcane_ore":10,"minecraft:sugar_cane":3,"minecraft:diorite":1,"minecraft:gold_ore":6,"ars_nouveau:purple_archwood_log":11}},"DataVersion":2586}