{"stats":{"minecraft:custom":{"minecraft:mob_kills":4,"minecraft:interact_with_crafting_table":10,"minecraft:open_barrel":2,"minecraft:play_one_minute":27782,"minecraft:leave_game":2,"minecraft:time_since_death":27782,"minecraft:sleep_in_bed":1,"minecraft:climb_one_cm":1403,"minecraft:time_since_rest":16194,"minecraft:waystone_activated":1,"minecraft:sprint_one_cm":77802,"minecraft:damage_taken":156,"minecraft:walk_one_cm":107804,"minecraft:damage_blocked_by_shield":80,"minecraft:drop":14,"minecraft:damage_dealt":439,"minecraft:talked_to_villager":3,"minecraft:fly_one_cm":81244,"minecraft:open_chest":6,"minecraft:crouch_one_cm":2816,"minecraft:sneak_time":575,"minecraft:jump":421,"minecraft:walk_on_water_one_cm":5755,"minecraft:fall_one_cm":10109},"minecraft:crafted":{"minecraft:oak_planks":28,"minecraft:stone_shovel":1,"minecraft:crafting_table":1,"minecraft:wooden_pickaxe":1,"minecraft:stone_axe":1,"minecraft:bread":63,"minecraft:shield":1,"minecraft:stick":12,"minecraft:stone_pickaxe":1,"minecraft:stone_sword":1,"minecraft:stone_hoe":1,"minecraft:wheat":153},"minecraft:dropped":{"minecraft:stone_hoe":1,"minecraft:bread":26,"minecraft:wheat_seeds":1,"minecraft:stone_shovel":1,"minecraft:leather_chestplate":3,"minecraft:leather_boots":2,"minecraft:leather_leggings":2,"minecraft:wooden_pickaxe":1,"waystones:waystone":2},"minecraft:used":{"minecraft:stone_sword":12,"minecraft:stone_shovel":12,"minecraft:stone_pickaxe":61,"ars_nouveau:mana_berry":2,"minecraft:wooden_pickaxe":4,"minecraft:shield":2,"minecraft:stone_hoe":17,"minecraft:crafting_table":3,"minecraft:white_bed":2,"minecraft:lantern":6,"minecraft:bread":6,"minecraft:item_frame":4,"minecraft:stone_axe":21,"minecraft:cobblestone":12,"minecraft:experience_bottle":2},"minecraft:picked_up":{"minecraft:crafting_table":4,"minecraft:wheat":1,"minecraft:leather_chestplate":2,"minecraft:leather_leggings":1,"minecraft:leather":2,"minecraft:oak_log":7,"minecraft:string":1,"minecraft:lantern":6,"minecraft:item_frame":4,"minecraft:leather_boots":2,"ars_nouveau:mana_gem":8,"minecraft:experience_bottle":2,"minecraft:wheat_seeds":1,"minecraft:smooth_stone":9,"minecraft:iron_ingot":2,"minecraft:sugar_cane":4,"minecraft:furnace":1,"minecraft:book":39,"minecraft:white_bed":3,"magistuarmory:rustedchainmail_leggings":1,"magistuarmory:rustedcrusader_chestplate":1,"ars_nouveau:worn_notebook":1,"waystones:waystone":2,"minecraft:hay_block":17,"minecraft:gold_ingot":2,"minecraft:cobblestone":45,"ars_nouveau:mana_berry":2},"minecraft:killed":{"ars_nouveau:carbuncle":1,"ars_nouveau:sylph":1,"minecraft:spider":1,"minecraft:skeleton":1},"minecraft:mined":{"minecraft:white_bed":3,"ars_nouveau:light_block":8,"ars_nouveau:mana_berry_bush":3,"minecraft:crafting_table":3,"minecraft:tall_grass":1,"minecraft:sugar_cane":2,"minecraft:hay_block":17,"minecraft:smooth_stone":9,"minecraft:furnace":1,"minecraft:grass":4,"minecraft:bookshelf":13,"minecraft:oak_log":7,"ars_nouveau:arcane_ore":8,"minecraft:stone":45,"minecraft:oak_leaves":1,"biomesoplenty:reed":1}},"DataVersion":2586}