{"stats":{"minecraft:crafted":{"minecraft:oak_planks":28,"minecraft:stone_shovel":1,"minecraft:crafting_table":1,"minecraft:stick":12,"minecraft:wooden_pickaxe":1,"minecraft:stone_pickaxe":1,"minecraft:stone_sword":1,"minecraft:stone_hoe":1,"minecraft:stone_axe":1,"minecraft:bread":21,"minecraft:wheat":63},"minecraft:custom":{"minecraft:time_since_rest":4194,"minecraft:waystone_activated":1,"minecraft:sprint_one_cm":31582,"minecraft:damage_taken":20,"minecraft:walk_one_cm":62861,"minecraft:mob_kills":2,"minecraft:drop":1,"minecraft:damage_dealt":120,"minecraft:talked_to_villager":3,"minecraft:interact_with_crafting_table":7,"minecraft:fly_one_cm":37284,"minecraft:open_chest":5,"minecraft:play_one_minute":15782,"minecraft:crouch_one_cm":2412,"minecraft:sneak_time":471,"minecraft:jump":205,"minecraft:leave_game":2,"minecraft:time_since_death":15782,"minecraft:walk_on_water_one_cm":5755,"minecraft:sleep_in_bed":1,"minecraft:climb_one_cm":338,"minecraft:fall_one_cm":4730},"minecraft:dropped":{"minecraft:leather_boots":1},"minecraft:used":{"minecraft:stone_sword":7,"minecraft:lantern":3,"minecraft:bread":2,"minecraft:stone_pickaxe":61,"ars_nouveau:mana_berry":2,"minecraft:wooden_pickaxe":4,"minecraft:stone_hoe":17,"minecraft:item_frame":2,"minecraft:stone_axe":3,"minecraft:crafting_table":2,"minecraft:experience_bottle":1},"minecraft:picked_up":{"minecraft:crafting_table":2,"minecraft:leather":2,"minecraft:oak_log":7,"minecraft:white_bed":1,"minecraft:lantern":3,"minecraft:leather_boots":1,"minecraft:item_frame":2,"ars_nouveau:mana_gem":8,"minecraft:experience_bottle":1,"minecraft:smooth_stone":9,"minecraft:wheat_seeds":1,"waystones:waystone":1,"ars_nouveau:worn_notebook":1,"minecraft:hay_block":17,"minecraft:sugar_cane":4,"minecraft:furnace":1,"minecraft:cobblestone":45,"ars_nouveau:mana_berry":2},"minecraft:killed":{"ars_nouveau:carbuncle":1,"ars_nouveau:sylph":1},"minecraft:mined":{"minecraft:hay_block":17,"minecraft:smooth_stone":9,"minecraft:white_bed":1,"minecraft:furnace":1,"ars_nouveau:light_block":7,"ars_nouveau:mana_berry_bush":3,"minecraft:crafting_table":2,"minecraft:grass":3,"minecraft:oak_log":7,"minecraft:tall_grass":1,"minecraft:stone":45,"ars_nouveau:arcane_ore":8,"minecraft:sugar_cane":2,"minecraft:oak_leaves":1,"biomesoplenty:reed":1}},"DataVersion":2586}